GameID,Place,CharacterName,Weapon,Item_Weapon,Item_Head,Item_Chest,Item_Arm,Item_Leg,Augment_Main,Augment_Sub1,Tactical_Skill,Team_Kills,Kills,Deaths,Assists,Dmg_Player,Dmg_Animal
44043835,1,Isol,Pistol,Altair,Persona,Blood_Cloak,Nightmare_Nails,Iron_Maiden,Havoc,Red_Sprite,Blink,15,7,0,7,28642,63819
44043835,1,Alonso,Glove,Iron_Fist,Bunny_Hat,Ghost_Bride's_Dress,Centipede's_Pauldron,Wild_Walkers,Fortification,Healing_Drone,Blink,15,3,1,12,8457,26721
44043835,1,Lenore,Guitar,Heartbreaker,Persona,Couturier,Nightmare_Nails,Glacial_Shoes,Havoc,Red_Sprite,Blink,15,5,1,10,30582,88933
44043835,2,Abigail,Axe,Nephleon,Vigilante,The_Revenant,Corrupting_Touch,EOD_Boots,Fortification,Siphon_Maelstrom,Blade_of_Truth,18,5,1,7,20577,73753
44043835,2,Vanya,Arcana,The_Death,Astronaut's_Helmet,Holy_Orders,Tindalos_Monarch,Legs_of_Steel,Fortification,Vampiric_Bloodline,Totem,18,2,2,12,23776,74580
44043835,2,Katja,Sniper_Rifle,Andromeda,GPNVG,Specter,Galaxy_Steps,Bloodripper,Chaos,Vampiric_Bloodline,Electric_Shift,18,11,4,4,28748,45342
44043835,3,Ly_Anh,Dagger,Carnwennan,Blood_Crown,Shooting_Star_Jacket,Helix,Mythril_Boots,Fortification,Vampiric_Bloodline,Blink,7,2,3,5,8155,48521
44043835,3,Nathapon,Camera,Ultraviolet,Cyberstalker,Covert_Agent_Uniform,Pharaoh's_Artifact,Straitjacket_Sneakers,Havoc,Stellar_Charge,Blink,7,1,2,5,19868,54630
44043835,3,Leon,Glove,Frost_Petal_Hand,Racing_Helmet,Cardinal_Robes,Sports_Watch,Wild_Walkers,Fortification,Vampiric_Bloodline,Blink,7,4,5,2,9931,51031
44043835,4,Yumin,Arcana,The_Empress,Persona,Couturier,Corrupting_Touch,Straitjacket_Sneakers,Chaos,Vampiric_Bloodline,Blink,6,3,3,3,20388,77171
44043835,4,Jackie,Dual_Swords,Starsteel_Twin_Swords,Cowboy_Hat,Beautiful_Garment,Dice_of_Destiny,Maverick_Runner,Fortification,Adrenaline,Blink,6,1,5,1,5112,56743
44043835,4,Isol,Pistol,Elegance,Persona,Commander's_Armor,Glacier_Crampons,Glacier_Crampons,Havoc,Red_Sprite,Blink,6,2,2,3,19205,42973
44043835,5,Aya,Sniper_Rifle,Gauss_Rifle,Persona,High_Priest_Robes,Eye_of_Horus,Tachyon_Brace,Havoc,Red_Sprite,Blink,7,2,2,4,21492,44192
44043835,5,Ly_Anh,Dagger,Carnwennan,Cowboy_Hat,Dragon_Dobok,Mythril_Boots,Helix,Fortification,Vampiric_Bloodline,Blink,7,3,6,3,13085,58817
44043835,5,Bianca,Arcana,The_Moon,Imperial_Crown,Blood_Cloak,Draupnir,White_Rhinos,Chaos,Amplification_Drone,Blink,7,2,4,3,4555,29800
44043835,6,Lenore,Guitar,Purple_Haze,Persona,Cardinal_Robes,Dragon_Scale,Tachyon_Brace,Havoc,Red_Sprite,Blink,4,3,1,1,12099,62337
44043835,6,Echion,VF_Prosthetics,Black_Mamba_King_TL,Bunny_Hat,Crusader_Armor,Smash_Totem,Maverick_Runner,Fortification,Healing_Factor,Force_Field,4,0,2,2,4134,29115
44043835,6,Nicky,Glove,Iron_Fist,Motorcycle_Helmet,Couturier,Eye_of_Horus,Delta_Red,Fortification,Siphon_Maelstrom,Totem,4,1,2,2,5808,19433
44043835,7,Hisui,Two-handed_Sword,Monohoshizao,Cowboy_Hat,Áo_Dài,Plasma_Arc,Maverick_Runner,Fortification,Vampiric_Bloodline,False_Oath,4,0,3,4,7919,40131
44043835,7,Rio,Bow,Crimson_Bow,Legatus,Phantom_Jacket,Radar,Bucephalus,Chaos,Adrenaline,Electric_Shift,4,3,2,1,10358,53127
44043835,7,Sua,Hammer,Bookmaster,Persona,High_Priest_Robes,Sword_Stopper,EOD_Boots,Chaos,Ironclad,Blink,4,1,2,3,3388,14423
44043835,8,Hisui,Two-handed_Sword,Excalibur,Blue_Flames,Áo_Dài,Plasma_Arc,Maverick_Runner,Fortification,Vampiric_Bloodline,False_Oath,4,2,1,1,3855,47082
44043835,8,Leni,Pistol,Stampede,Imperial_Crown,Cardinal_Robes,Burnished_Aegis,Tachyon_Brace,Chaos,Healing_Factor,Healing_Wind,4,2,2,1,3394,14124
44043835,8,Vanya,Arcana,The_Empress,Astronaut's_Helmet,Holy_Orders,Tindalos_Monarch,Legs_of_Steel,Fortification,Vampiric_Bloodline,Totem,4,0,2,3,8450,19825
44043169,1,Darko,Bat,Monkey_King_Bar,Elysian_Halo,Guardian_Suit,Shield_of_Kings,Taproot,Fortification,Stellar_Charge,Blink,13,5,0,5,8261,56847
44043169,1,Leni,Pistol,Stampede,Imperial_Crown,Elf_Dress,Prominence,Wild_Walkers,Chaos,Healing_Factor,Healing_Wind,13,0,1,10,5639,50721
44043169,1,Rio,Bow,Failnaught,Legatus,Phantom_Jacket,Radar,Racing_Boots,Chaos,Adrenaline,Electric_Shift,13,8,0,4,28654,193753
44043169,2,Vanya,Arcana,The_Empress,Chinese_Opera_Mask,Holy_Orders,Tindalos_Monarch,Glacier_Crampons,Fortification,Vampiric_Bloodline,Totem,7,2,3,4,20559,64889
44043169,2,Yumin,Arcana,The_Empress,Persona,Couturier,Tindalos_Monarch,Straitjacket_Sneakers,Chaos,Vampiric_Bloodline,Blink,7,4,2,3,10570,41092
44043169,2,Isaac,Tonfa,Plasma_Tonfa,Blood_Crown,Beautiful_Garment,Chain_of_Thorns,Boots_of_Hermes,Chaos,Diamond_Shard,Blink,7,1,1,6,7855,35791
44043169,3,Xiukai,Dagger,Mount_Slicer,Commander_Headset,Blazing_Dress,Solar_System_Miniature,Hiking_Boots,Fortification,Amplification_Drone,Soul_Stealer,4,0,2,3,7811,39716
44043169,3,Jackie,Dagger,Fragarach,Blood_Crown,Wisdom_Robes,Vital_Sign_Sensor,Bucephalus,Chaos,Accelerator,The_Strijder,4,3,2,1,14798,111802
44043169,3,Lenox,Whip,Sword_of_Scales,Astronaut's_Helmet,EOD_Suit,Burnished_Aegis,Boots_of_Hermes,Fortification,Healing_Drone,Blink,4,1,3,1,8091,66501
44043169,4,Markus,Axe,Santa_Muerte,Mythril_Helm,Guardian_Suit,Solar_System_Miniature,Wild_Walkers,Havoc,Bitter_Retribution,Force_Field,9,2,2,6,12462,54424
44043169,4,Vanya,Arcana,The_Empress,Astronaut's_Helmet,Holy_Orders,Tindalos_Monarch,Glacier_Crampons,Fortification,Vampiric_Bloodline,Totem,9,5,3,4,19134,51266
44043169,4,Theodore,Sniper_Rifle,Dead_Eye,Motorcycle_Helmet,Holy_Orders,Tellurian_Timepiece,Blade_Boots,Chaos,Vampiric_Bloodline,Blink,9,2,1,6,12990,27361
44043169,5,Silvia,Pistol,Stampede,Imperial_Burgonet,Holy_Orders,Nightmare_Nails,Glacial_Shoes,Havoc,Red_Sprite,Blink,1,1,2,0,7413,27751
44043169,5,Garnet,Bat,Magic_Stick,Crusader_Helmet,Sunset_Armor,Centipede's_Pauldron,EOD_Boots,Fortification,Healing_Drone,Quake,1,0,2,1,3731,27687
44043169,5,Leon,Glove,Permafrost,Motorcycle_Helmet,Cardinal_Robes,Sports_Watch,Tachyon_Brace,Fortification,Vampiric_Bloodline,Blink,1,0,2,0,1971,39268
44043169,6,Leni,Pistol,Stampede,Imperial_Crown,Cardinal_Robes,Burnished_Aegis,Tachyon_Brace,Chaos,Healing_Factor,Healing_Wind,2,0,2,1,2437,18409
44043169,6,Markus,Axe,Axe_of_Pangu,Tactical_OPS_Helmet,Sunset_Armor,Music_Box,Cowboy_Boots,Havoc,Bitter_Retribution,Force_Field,2,1,2,1,7748,10862
44043169,6,Hisui,Two-handed_Sword,Aurora_Longsword,Blue_Flames,Changpao,Plasma_Arc,Blade_Boots,Fortification,Vampiric_Bloodline,False_Oath,2,1,1,1,11810,30944
44043169,7,Hisui,Two-handed_Sword,Monohoshizao,Welding_Helmet,Changpao,Plasma_Arc,White_Rhinos,Fortification,Vampiric_Bloodline,Totem,7,1,3,4,13281,26039
44043169,7,Nicky,Glove,Frost_Petal_Hand,Vigilante,Crusader_Armor,Corrupting_Touch,EOD_Boots,Chaos,Healing_Drone,Protocol_Violation,7,0,1,5,5114,19584
44043169,7,Tia,Bat,Pakua_Chang,Persona,Cardinal_Robes,Nightmare_Nails,Tachyon_Brace,Havoc,Red_Sprite,Blink,7,6,2,1,17235,39262
44043169,8,Vanya,Arcana,The_Star,Imperial_Crown,Cardinal_Robes,Draupnir,Glacier_Crampons,Fortification,Vampiric_Bloodline,Totem,3,1,1,0,5943,5104
44043169,8,Jackie,Dual_Swords,Dioscuri,Cowboy_Hat,Changpao,Laced_Quiver,Maverick_Runner,Fortification,Adrenaline,Blink,3,0,1,1,1656,9314
44043169,8,Tsubame,Shuriken,Cards_of_Tyranny,Cowboy_Hat,Tuxedo,Laced_Quiver,Gladiator,Fortification,Adrenaline,Blink,3,2,1,0,4001,6197
44004125,1,Abigail,Axe,Nephleon,Cyberstalker,The_Revenant,Eye_of_Horus,Wild_Walkers,Fortification,Siphon_Maelstrom,Blade_of_Truth,22,8,3,12,34865,74628
44004125,1,Eleven,Hammer,Evening_Star,Crusader_Helmet,Ghost_Bride's_Dress,Centipede's_Pauldron,Boots_of_Hermes,Fortification,Healing_Drone,Protocol_Violation,22,3,1,16,10007,26505
44004125,1,Bernice,Sniper_Rifle,Blackfire_Cannon,Twilight,Specter,Bloodripper,Alexander,Fortification,Frailty_Infliction,Blink,22,11,2,5,32095,80096
44004125,2,Aya,Assault_Rifle,Endeavor_AX,The_Star_of_the_Wilds,Specter,Radar,Alexander,Fortification,Adrenaline,Electric_Shift,11,4,3,5,13303,105418
44004125,2,Hyunwoo,Glove,Mark_of_the_Phoenix,Dwarf's_Helmet,Tactical_Armor,Cube_Watch,Mirage_Lace-Ups,Fortification,Healing_Factor,Blink,11,4,1,6,14733,47111
44004125,2,Nicky,Glove,Iron_Fist,Crusader_Helmet,Couturier,Corrupting_Touch,Boots_of_Hermes,Fortification,Siphon_Maelstrom,Totem,11,3,3,5,9703,39273
44004125,3,Katja,Sniper_Rifle,Widow_Maker_-_Crimson,Blood_Crown,Specter,Dice_of_Destiny,Racing_Boots,Chaos,Accelerator,Electric_Shift,18,5,4,8,20995,66109
44004125,3,Darko,Bat,Monkey_King_Bar,Welding_Helmet,EOD_Suit,Helix,EOD_Boots,Fortification,Stellar_Charge,Blink,18,3,2,12,13486,24478
44004125,3,Isol,Assault_Rifle,Hellfire_-_Crimson,The_Star_of_the_Wilds,Ghillie_Suit,Dice_of_Destiny,Red_Shoes,Chaos,Adrenaline,Electric_Shift,18,10,2,6,31026,102277
44004125,4,Isol,Pistol,Altair,Persona,Commander's_Armor,Corrupting_Touch,Taproot,Havoc,Red_Sprite,Blink,5,1,3,3,32042,43236
44004125,4,Kenneth,Axe,Axe_of_Pangu,Tactical_Visor,Dragon_Dobok,Plasma_Arc,White_Rhinos,Havoc,Diamond_Shard,Blink,5,2,3,2,9183,23270
44004125,4,Vanya,Arcana,The_Empress,Imperial_Crown,Holy_Orders,Draupnir,Straitjacket_Sneakers,Fortification,Vampiric_Bloodline,Totem,5,2,6,2,19652,25766
44004125,5,Katja,Sniper_Rifle,Widow_Maker_-_Crimson,Diadem,Tactical_Armor,Dice_of_Destiny,Gladiator,Chaos,Adrenaline,Electric_Shift,7,4,2,2,20470,58905
44004125,5,Estelle,Axe,Santa_Muerte,Imperial_Crown,Sunset_Armor,Solar_System_Miniature,Hiking_Boots,Fortification,Healing_Drone,Force_Field,7,0,1,5,4516,14595
44004125,5,Darko,Bat,Monkey_King_Bar,Tactical_OPS_Helmet,Spectral_Jacket,Chain_of_Thorns,Stellar_Steps,Fortification,Siphon_Maelstrom,Blink,7,3,2,3,10625,30385
44004125,6,Darko,Bat,Monkey_King_Bar,Tactical_OPS_Helmet,Butler's_Suit,Music_Box,Tachyon_Brace,Fortification,Vampiric_Bloodline,Blink,2,0,4,0,6383,50216
44004125,6,Ly_Anh,Dagger,Carnwennan,Virtuous_Outlaw,Áo_Dài,Plasma_Arc,Mythril_Boots,Fortification,Vampiric_Bloodline,Blink,2,0,4,2,3419,21006
44004125,6,Sissela,Throw,Astrapﾄ・,Imperial_Burgonet,Blood_Cloak,Tindalos_Band,Delta_Red,Havoc,Red_Sprite,Blink,2,2,3,0,14527,29646
44004125,7,Hisui,Two-handed_Sword,Aurora_Longsword,Blue_Flames,Áo_Dài,Plasma_Arc,Galaxy_Steps,Fortification,Vampiric_Bloodline,False_Oath,4,1,3,0,9585,90982
44004125,7,Garnet,Bat,Spy_Umbrella,Helm_of_Banneret,Blazing_Dress,Nightingale,Wild_Walkers,Fortification,Healing_Drone,Quake,4,2,3,1,4754,24493
44004125,7,Jenny,Pistol,Altair,Racing_Helmet,Commander's_Armor,Sports_Watch,Blade_Boots,Chaos,Adrenaline,Blink,4,1,4,1,12525,91761
44004125,8,Tia,Bat,Pakua_Chang,Imperial_Burgonet,Cardinal_Robes,Corrupting_Touch,Tachyon_Brace,Havoc,Red_Sprite,Blink,2,0,1,2,4786,7335
44004125,8,Leon,Glove,Frost_Petal_Hand,Motorcycle_Helmet,Cardinal_Robes,Sports_Watch,Tachyon_Brace,Fortification,Vampiric_Bloodline,Blink,2,0,1,0,1921,13553
44004125,8,Bernice,Sniper_Rifle,Polaris,Crystal_Tiara,Optical_Camouflage_Suit,Vital_Sign_Sensor,Stellar_Steps,Support,Vampiric_Bloodline,Soul_Stealer,2,2,2,0,1869,7422
44003613,1,Katja,Sniper_Rifle,Intervention,Twilight,Ghillie_Suit,Chain_of_Thorns,Alexander,Chaos,Accelerator,Electric_Shift,18,6,1,6,22298,97022
44003613,1,Aya,Sniper_Rifle,Widow_Maker_-_Dawn,Persona,Elegant_Gown,Eye_of_Horus,Glacial_Shoes,Havoc,Red_Sprite,Blink,18,4,0,10,26279,70930
44003613,1,Isaac,Tonfa,Blade_Tonfa_-_Crimson,Chinese_Opera_Mask,Áo_Dài,Chain_of_Thorns,Blade_Boots,Havoc,Bitter_Retribution,False_Oath,18,7,2,7,17556,61737
44003613,2,Luke,Bat,Monkey_King_Bar,Tactical_Visor,Omertﾃ,Plasma_Arc,Blade_Boots,Havoc,Bitter_Retribution,False_Oath,11,4,2,4,13141,46359
44003613,2,Magnus,Bat,Monkey_King_Bar,Legatus,Turnout_Coat,Mythril_Quiver,Bucephalus,Havoc,Heavy_Kneepads,Blink,11,3,1,6,17828,44335
44003613,2,Katja,Sniper_Rifle,Polaris,Laurel_Wreath,Specter,Dice_of_Destiny,Racing_Boots,Chaos,Accelerator,Electric_Shift,11,4,2,5,20268,39786
44003613,3,Rio,Bow,Twinbow,Crystal_Tiara,Specter,Radar,Stellar_Steps,Chaos,Adrenaline,Electric_Shift,0,0,2,0,868,58127
44003613,3,Aya,Assault_Rifle,Endeavor_AX,The_Star_of_the_Wilds,Tuxedo,Radar,Gladiator,Fortification,Adrenaline,Electric_Shift,0,0,1,0,1925,35847
44003613,3,Yumin,Arcana,The_Star,Persona,Covert_Agent_Uniform,Bracelet_of_Skadi,Legs_of_Steel,Havoc,Red_Sprite,Blink,0,0,3,0,8544,157565
44003613,4,Nicky,Glove,Permafrost,Bunny_Hat,Couturier,Sports_Watch,White_Rhinos,Chaos,Diamond_Shard,False_Oath,1,0,1,1,3006,65894
44003613,4,Shoichi,Dagger,Eclipse,Sultan's_Turban,Couturier,Pharaoh's_Artifact,Legs_of_Steel,Fortification,Vampiric_Bloodline,False_Oath,1,0,5,0,3095,58922
44003613,4,Yuki,Two-handed_Sword,Laevateinn,Blood_Crown,Blazing_Dress,Solar_System_Miniature,Wild_Walkers,Fortification,Healing_Drone,Blink,1,1,2,0,1053,50086
44003613,5,Sua,Hammer,Evening_Star,Vigilante,High_Priest_Robes,Eye_of_Horus,EOD_Boots,Chaos,Ironclad,Blink,3,1,5,2,6232,22564
44003613,5,Chiara,Rapier,Eye_of_Argos,Persona,Covert_Agent_Uniform,Tindalos_Band,EOD_Boots,Fortification,Healing_Factor,Totem,3,1,5,1,7192,38188
44003613,5,Aya,Pistol,Elegance,Motorcycle_Helmet,Commander's_Armor,Bracelet_of_Skadi,Glacial_Shoes,Havoc,Red_Sprite,Blink,3,1,3,2,13749,14035
44003613,6,Hisui,Two-handed_Sword,Aurora_Longsword,Welding_Helmet,Áo_Dài,Auto-arms,White_Rhinos,Fortification,Vampiric_Bloodline,False_Oath,7,3,2,3,9001,26201
44003613,6,Haze,Assault_Rifle,XCR,Persona,Commander's_Armor,Corrupting_Touch,Glacial_Shoes,Havoc,Red_Sprite,Blink,7,2,1,4,13874,62801
44003613,6,Debi_&_Marlene,Two-handed_Sword,Excalibur,Helm_of_Banneret,Beautiful_Garment,Helix,Feather_Boots,Fortification,Vampiric_Bloodline,False_Oath,7,2,2,4,9265,40103
44003613,7,Eva,Throw,Incendiary_Bomb,The_Dragon・・s_Fury,Blood_Cloak,Corrupting_Touch,Straitjacket_Sneakers,Havoc,Red_Sprite,Blink,3,1,1,2,10506,56868
44003613,7,Nicky,Glove,Frost_Petal_Hand,Astronaut's_Helmet,Ghost_Bride's_Dress,Corrupting_Touch,EOD_Boots,Chaos,Healing_Drone,Protocol_Violation,3,1,2,2,4235,15969
44003613,7,Darko,Bat,Monkey_King_Bar,Elysian_Halo,Turnout_Coat,Smash_Totem,Tachyon_Brace,Fortification,Stellar_Charge,Blink,3,1,2,2,4130,20761
44003613,8,Tia,Bat,Ghost_Hand,Imperial_Burgonet,Cardinal_Robes,Pharaoh's_Artifact,Tachyon_Brace,Havoc,Red_Sprite,Blink,5,2,2,1,4064,24642
44003613,8,Nathapon,Camera,Mirrorless,Cyberstalker,Commander's_Armor,Veritas_Lux_Mea,Delta_Red,Havoc,Heavy_Kneepads,Blink,5,2,1,3,10075,49118
44003613,8,Alonso,Glove,Divine_Fist,Helm_of_Banneret,Sunset_Armor,Centipede's_Pauldron,Tachyon_Brace,Fortification,Healing_Drone,Protocol_Violation,5,1,1,2,3832,7997
43968319,1,Aya,Assault_Rifle,Hellfire_-_Crimson,The_Star_of_the_Wilds,Specter,Radar,Alexander,Fortification,Adrenaline,Electric_Shift,11,6,1,5,26658,67471
43968319,1,Darko,Bat,Monkey_King_Bar,Elysian_Halo,Racing_Suit,Shield_of_Kings,Boots_of_Hermes,Fortification,Stellar_Charge,Blink,11,4,0,7,15077,41102
43968319,1,Nicky,Glove,Iron_Fist,Crusader_Helmet,Couturier,Eye_of_Horus,Wild_Walkers,Fortification,Siphon_Maelstrom,Totem,11,1,0,7,8168,36283
43968319,2,Shoichi,Dagger,Eclipse,Chinese_Opera_Mask,Couturier,Pharaoh's_Artifact,Legs_of_Steel,Fortification,Vampiric_Bloodline,False_Oath,5,1,1,2,5178,53255
43968319,2,Estelle,Axe,Paradise_Lost,Astronaut's_Helmet,Blazing_Dress,Bloodripper,Legs_of_Steel,Fortification,Healing_Drone,Blade_of_Truth,5,2,1,3,10417,87268
43968319,2,Yumin,Arcana,The_Empress,Persona,Couturier,Tindalos_Monarch,Glacial_Shoes,Chaos,Vampiric_Bloodline,Blink,5,2,1,3,13928,142968
43968319,3,Priya,Guitar,Heaven's_Door,Harmony_in_Full_Bloom,Blood_Cloak,Pharaoh's_Artifact,Wild_Walkers,Chaos,Sentinel,Healing_Wind,8,0,2,8,19073,74765
43968319,3,Sua,Hammer,Evening_Star,Blood_Crown,Covert_Agent_Uniform,Nightingale,Boots_of_Hermes,Chaos,Ironclad,Blink,8,2,1,4,9498,39482
43968319,3,Hisui,Two-handed_Sword,Monohoshizao,Blue_Flames,Áo_Dài,Auto-arms,Blade_Boots,Fortification,Vampiric_Bloodline,False_Oath,8,6,3,2,20758,68836
43968319,4,Aya,Sniper_Rifle,Dead_Eye,Persona,Elegant_Gown,Eye_of_Horus,Glacial_Shoes,Havoc,Red_Sprite,Blink,5,5,3,0,16541,42364
43968319,4,Vanya,Arcana,The_Star,Astronaut's_Helmet,Holy_Orders,Draupnir,Legs_of_Steel,Fortification,Vampiric_Bloodline,Totem,5,0,2,2,3034,37894
43968319,4,Estelle,Axe,Beam_Axe,Bunny_Hat,Blazing_Dress,Sword_Stopper,Hiking_Boots,Fortification,Healing_Drone,Blade_of_Truth,5,0,3,3,6166,36005
43968319,5,Li_Dailin,Nunchaku,Blue_3,Virtuous_Outlaw,Specter,Laced_Quiver,Bucephalus,Havoc,Bitter_Retribution,Blink,7,1,3,5,8138,29582
43968319,5,Leon,Glove,Frost_Petal_Hand,Racing_Helmet,Couturier,Sports_Watch,Feather_Boots,Havoc,Healing_Factor,Blink,7,3,3,4,9172,43871
43968319,5,Yuki,Two-handed_Sword,Arondight,Bunny_Hat,Blazing_Dress,Schrﾃｶdinger's_Box,White_Rhinos,Chaos,Diamond_Shard,Quake,7,3,2,3,11080,25983
43968319,6,Vanya,Arcana,The_Star,Persona,Covert_Agent_Uniform,Nightingale,SCV,Fortification,Vampiric_Bloodline,Totem,6,3,1,3,14267,26246
43968319,6,Elena,Rapier,Sword_of_Justice,Helm_of_Banneret,Blazing_Dress,Burnished_Aegis,Hiking_Boots,Support,Ironclad,Quake,6,2,2,3,5843,21044
43968319,6,Adriana,Throw,Astrapﾄ・,Imperial_Burgonet,Commander's_Armor,Corrupting_Touch,Tachyon_Brace,Havoc,Red_Sprite,Blink,6,1,2,1,4432,14244
43968319,7,Garnet,Bat,Spy_Umbrella,Helm_of_Banneret,Cardinal_Robes,Nightingale,EOD_Boots,Fortification,Healing_Drone,Quake,5,1,1,3,3814,17248
43968319,7,Rio,Bow,Crimson_Bow,Crystal_Tiara,Changpao,Radar,Gladiator,Support,Adrenaline,Electric_Shift,5,4,2,1,14559,26413
43968319,7,Hisui,Two-handed_Sword,Aurora_Longsword,Welding_Helmet,Changpao,Plasma_Arc,White_Rhinos,Fortification,Vampiric_Bloodline,False_Oath,5,0,3,3,2093,16893
43968319,8,Nicky,Glove,Frost_Petal_Hand,Helm_of_Banneret,Covert_Agent_Uniform,Veritas_Lux_Mea,SCV,Chaos,Diamond_Shard,Protocol_Violation,3,0,2,2,1266,3648
43968319,8,Irem,Throw,Sticky_Bomb,Imperial_Burgonet,Covert_Agent_Uniform,Veritas_Lux_Mea,Tachyon_Brace,Havoc,Red_Sprite,Blink,3,1,1,0,4305,6570
43968319,8,Shoichi,Dagger,Mount_Slicer,Imperial_Burgonet,Commander's_Armor,Tindalos_Band,Straitjacket_Sneakers,Fortification,Vampiric_Bloodline,False_Oath,3,2,1,1,5230,4805
47933547,1,Hart,Guitar,Wonderful_Tonight,Legatus,Ghillie_Suit,Moonlight_Pendant,Eldian_Boots,Fortification,Vampiric_Bloodline,Blink,19,11,0,5,36498,127143
47933547,1,Charlotte,Arcana,Temperance,Persona,Elf_Dress,Prominence,Killer_Heels,Fortification,Healing_Factor,Healing_Wind,19,2,2,13,5388,4324
47933547,1,Debi_&_Marlene,Two-handed_Sword,Dﾃ｡insleif_-_Crimson,Commander_Headset,Beautiful_Garment,Helix,Boots_of_Hermes,Fortification,Vampiric_Bloodline,False_Oath,19,5,1,10,26369,32696
47933547,2,Magnus,Hammer,Hammer_of_Dagda,Dwarf's_Helmet,Mythril_Armor,Magic_Lamp,Boots_of_Hermes,Support,Diamond_Shard,The_Strijder,11,2,1,8,9130,48051
47933547,2,Li_Dailin,Glove,Imperial_Silk_Gloves,Elysian_Halo,Shooting_Star_Jacket,Mythril_Armband,Alexander,Havoc,Ironclad,Blink,11,4,1,4,12471,88310
47933547,2,Sissela,Shuriken,Death_Rune,Sultan's_Turban,Blood_Cloak,Necronomicon,Glacial_Shoes,Havoc,Red_Sprite,Blink,11,5,2,6,16694,74191
47933547,3,Leni,Pistol,Stampede,Vigilante,Elf_Dress,Magic_Lamp,Tachyon_Brace,Chaos,Healing_Factor,Healing_Wind,5,1,5,4,4757,6665
47933547,3,Debi_&_Marlene,Two-handed_Sword,Laevateinn,Commander_Headset,Titan_Armor,Moonlight_Pendant,Cowboy_Boots,Fortification,Sentinel,Force_Field,5,2,2,3,16427,41473
47933547,3,Hisui,Two-handed_Sword,Monohoshizao,Elysian_Halo,ﾃ・o_Dﾃi,Mythril_Quiver,Feather_Boots,Fortification,Vampiric_Bloodline,Totem,5,2,5,3,12497,68560
47933547,4,Sissela,Shuriken,Mystic_Jade_Charm,Sultan's_Turban,Blood_Cloak,Corrupting_Touch,Delta_Red,Havoc,Red_Sprite,Blink,7,6,3,1,18420,33857
47933547,4,Emma,Arcana,The_Moon,Cyberstalker,Commander's_Armor,Draupnir,Legs_of_Steel,Havoc,Ghost_Light,Blink,7,0,2,5,8860,42008
47933547,4,Istvan,Spear,Dragon_Guandao,Diadem,Omertﾃ,Plasma_Arc,Maverick_Runner,Fortification,Vampiric_Bloodline,Blink,7,1,4,3,5013,19335
47933547,5,Yumin,Arcana,The_Moon,Fencing_Mask,Commander's_Armor,Pharaoh's_Artifact,Delta_Red,Havoc,Ghost_Light,Blink,7,3,3,2,10690,90453
47933547,5,Kenneth,Axe,Axe_of_Pangu,Omertﾃ,Tactical_OPS_Helmet,Helix,White_Rhinos,Havoc,Diamond_Shard,Blink,7,4,2,2,11393,43569
47933547,5,Vanya,Arcana,The_Empress,Astronaut's_Helmet,Cardinal_Robes,Tindalos_Monarch,Straitjacket_Sneakers,Fortification,Vampiric_Bloodline,Totem,7,0,3,5,15032,45639
47933547,6,Alonso,Glove,Bloodwing_Knuckles,Mohawk_Headgear,Blazing_Dress,Smash_Totem,Tachyon_Brace,Support,Diamond_Shard,Quake,3,2,1,1,7178,7946
47933547,6,Arda,Arcana,The_Hierophant,Persona,Blood_Cloak,Tindalos_Band,SCV,Havoc,Red_Sprite,Blink,3,0,2,3,9602,41726
47933547,6,Chiara,Rapier,Red_Panther,Persona,Covert_Agent_Uniform,Tindalos_Band,Steel_Knee_Pads,Fortification,Healing_Factor,Rapier,3,1,2,2,5085,31793
47933547,7,Debi_&_Marlene,Two-handed_Sword,Monohoshizao,Tactical_OPS_Helmet,Guardian_Suit,Laced_Quiver,White_Rhinos,Fortification,Sentinel,False_Oath,3,0,2,3,4976,46511
47933547,7,Charlotte,Arcana,Temperance,Imperial_Burgonet,Elf_Dress,Claddagh_Ring,Straitjacket_Sneakers,Fortification,Healing_Factor,Healing_Wind,3,0,1,3,1713,13543
47933547,7,Hart,Guitar,Free_Bird,Cowboy_Hat,Optical_Camouflage_Suit,Vital_Sign_Sensor,Bucephalus,Chaos,Frailty_Infliction,Blink,3,3,2,0,3421,45500
47933547,8,Magnus,Hammer,Hammer_of_Dagda,Helm_of_Banneret,Spectral_Jacket,Burning_Heart,Tachyon_Brace,Chaos,Diamond_Shard,Blade_of_Truth,7,0,2,2,9445,22468
47933547,8,Hyunwoo,Tonfa,Obsidian_Jitte,Imperial_Crown,Holy_Orders,Draupnir,Delta_Red,Support,Ghost_Light,Blink,7,4,3,3,10384,5737
47933547,8,Isaac,Tonfa,Plasma_Tonfa,Diadem,Spectral_Jacket,Creed_of_the_Knight,Glacier_Crampons,Havoc,Stellar_Charge,Blink,7,3,4,1,4445,3061
47935900,1,Sua,Bat,Magic_Stick,Persona,Couturier,Tindalos_Monarch,Red_Shoes,Chaos,Vampiric_Bloodline,Blink,20,9,1,10,"36,943","55,157"
47935900,1,Adriana,Throw,Imugi's_Pearl,Astronaut's_Helmet,Elf_Dress,Pharaoh's_Artifact,Glacial_Shoes,Chaos,Sentinel,Blink,20,5,0,14,"25,519","77,196"
47935900,1,Hisui,Two-handed_Sword,Aurora_Longsword,Blaster_Helmet,ﾃ・o_Dﾃi,Bloodripper,Blade_Boots,Fortification,Vampiric_Bloodline,Healing_Wind,20,6,2,11,"27,705","55,471"
47935900,2,Daniel,Dagger,Scarlet_Dagger_-_Crimson,Chinese_Opera_Mask,Tactical_Armor,Psyche's_Blade,Red_Shoes,Fortification,Siphon_Maelstrom,The_Strijder,13,3,2,7,"8,886","96,269"
47935900,2,Tsubame,Shuriken,Petal_Torrent,Legatus,Burgundy_47,Dice_of_Destiny,Racing_Boots,Chaos,Adrenaline,Blink,13,9,1,4,"17,063","114,105"
47935900,2,Debi_&_Marlene,Two-handed_Sword,Dﾃ｡insleif_-_Crimson,Elysian_Halo,Racing_Suit,Sultan_Adorned,Wild_Walkers,Fortification,Sentinel,False_Oath,3,1,3,2,"19,200","80,762"
47935900,3,Nicky,Glove,Iron_Fist,Sultan's_Turban,Queen_of_Hearts,Tellurian_Timepiece,Tachyon_Brace,Chaos,Diamond_Shard,Blink,3,1,4,1,"9,878","59,458"
47935900,3,Debi_&_Marlene,Two-handed_Sword,Laevateinn,Commander_Headset,Titan_Armor,Moonlight_Pendant,Red_Shoes,Fortification,Sentinel,False_Oath,3,1,3,2,"10,061","60,928"
47935900,3,Arda,Arcana,The_Moon,Persona,Blood_Cloak,Necronomicon,Legs_of_Steel,Havoc,Red_Sprite,Blink,3,1,3,2,"15,617","93,343"
47935900,4,Rozzi,Pistol,Electron_Blaster,Fallen_Pegasus,Beautiful_Garment,Dice_of_Destiny,Alexander,Support,Vampiric_Bloodline,Blink,4,0,1,3,"6,113","84,338"
47935900,4,Hyunwoo,Glove,One_Inch_Punch,Helm_of_Banneret,Battle_Suit,Cube_Watch,Feather_Boots,Support,Bitter_Retribution,Blink,4,3,3,0,"8,040","41,171"
47935900,4,Garnet,Bat,Ghost_Hand,Mythril_Helm,Sunset_Armor,Burnished_Aegis,Wild_Walkers,Fortification,Sentinel,Force_Field,4,1,3,1,"5,238","36,937"
47935900,5,Yuki,Two-handed_Sword,Aurora_Longsword,Elysian_Halo,EOD_Suit,Creed_of_the_Knight,Galaxy_Steps,Chaos,Diamond_Shard,Blink,3,1,2,1,"5,327","43,228"
47935900,5,Vanya,Arcana,The_Empress,Astronaut's_Helmet,Holy_Orders,Tindalos_Monarch,Straitjacket_Sneakers,Fortification,Vampiric_Bloodline,Totem,3,1,2,1,"7,645","52,715"
47935900,5,Li_Dailin,Glove,Imperial_Silk_Gloves,Elysian_Halo,Specter,Auto-arms,Alexander,Chaos,Ironclad,Blink,3,1,5,0,"7,934","61,057"
47935900,6,Debi_&_Marlene,Two-handed_Sword,Monohoshizao,Elysian_Halo,Turnout_Coat,Smart_Band,White_Rhinos,Fortification,Sentinel,The_Strijder,4,1,3,3,"9,816","13,979"
47935900,6,Hart,Guitar,Teen_Spirit,Crystal_Tiara,Optical_Camouflage_Suit,Dice_of_Destiny,Bucephalus,Chaos,Frailty_Infliction,Blink,4,2,4,2,"11,179","23,072"
47935900,6,Isol,Assault_Rifle,Endeavor_AX,Cowboy_Hat,Optical_Camouflage_Suit,Vital_Sign_Sensor,Gladiator,Chaos,Adrenaline,Electric_Shift,4,1,4,3,"11,211","42,904"
47935900,7,Leon,Tonfa,Mai_Sok,Vigilante,Covert_Agent_Uniform,Pharaoh's_Artifact,Delta_Red,Havoc,Red_Sprite,The_Strijder,9,3,2,5,"8,791","4,760"
47935900,7,Markus,Axe,Santa_Muerte,Tactical_OPS_Helmet,Guardian_Suit,Music_Box,White_Rhinos,Support,Bitter_Retribution,Force_Field,9,3,3,5,"9,616","13,859"
47935900,7,Rozzi,Pistol,Electron_Blaster,Laurel_Wreath,Specter,Radar,Racing_Boots,Chaos,Vampiric_Bloodline,Blink,9,3,1,4,"9,943","12,415"
47935900,8,,,,,,,,,,,,,,,,
47935900,8,,,,,,,,,,,,,,,,
47935900,8,,,,,,,,,,,,,,,,
47942544,1,Hyejin,Bow,Failnaught,Persona,Kabana,Dragon_Scale,Glacial_Shoes,Chaos,Amplification_Drone,Blink,11,1,0,10,"15,914","85,597"
47942544,1,Nicky,Glove,Permafrost,Racing_Helmet,Elegant_Gown,Tellurian_Timepiece,Blade_Boots,Havoc,Diamond_Shard,Blink,11,6,0,4,"15,932","73,898"
47942544,1,Adriana,Throw,Chaser_-_Dawn,Persona,Blood_Cloak,Nightmare_Nails,Glacial_Shoes,Havoc,Red_Sprite,Blink,11,4,0,6,"28,598","85,218"
47942544,2,Chiara,Rapier,Eye_of_Argos,Persona,Inquisitor,Tindalos_Monarch,Boots_of_Hermes,Fortification,Healing_Factor,Totem,9,3,4,5,"18,548","111,485"
47942544,2,Sissela,Shuriken,Death_Rune,Persona,Blood_Cloak,Necronomicon,Taproot,Havoc,Red_Sprite,Blink,9,3,1,4,"33,673","81,857"
47942544,2,Leon,Glove,Permafrost,Racing_Helmet,High_Priest_Robes,Tellurian_Timepiece,White_Rhinos,Fortification,Vampiric_Bloodline,Blink,9,3,5,5,"9,032","92,593"
47942544,3,Fiora,Rapier,Eye_of_Argos,Chinese_Opera_Mask,Holy_Orders,Tindalos_Monarch,Boots_of_Hermes,Chaos,Ironclad,Blink,13,8,1,4,"27,615","96,282"
47942544,3,Haze,Assault_Rifle,Valkyrie,Astronaut's_Helmet,Holy_Orders,Nova_Shield,Killer_Heels,Havoc,Red_Sprite,Blink,13,4,3,6,"28,279","135,791"
47942544,3,Markus,Axe,Axe_of_Pangu,Tactical_OPS_Helmet,Guardian_Suit,Music_Box,Wild_Walkers,Support,Bitter_Retribution,Force_Field,13,1,3,7,"12,042","30,010"
47942544,4,William,Throw,Grenade_of_Antioch,GPNVG,Burgundy_47,Dice_of_Destiny,Bucephalus,Fortification,Adrenaline,Blink,12,3,5,7,"20,044","103,157"
47942544,4,Emma,Arcana,The_Moon,Cyberstalker,Holy_Orders,Eye_of_Horus,Rose_Steps,Havoc,Ghost_Light,Blink,12,8,3,3,"34,949","69,435"
47942544,4,Ly_Anh,Dagger,Carnwennan,Bunny_Hat,Spectral_Jacket,Moonlight_Pendant,Mythril_Boots,Fortification,Vampiric_Bloodline,Blink,12,1,4,8,"21,503","54,287"
47942544,5,Aya,Pistol,Altair,Persona,Kabana,Bracelet_of_Skadi,Glacial_Shoes,Havoc,Ghost_Light,Blink,3,1,2,2,"10,426","83,017"
47942544,5,Garnet,Bat,Spy_Umbrella,Mythril_Helm,Ghost_Bride's_Dress,Burnished_Aegis,Boots_of_Hermes,Fortification,Healing_Drone,Quake,3,0,3,2,"12,150","47,903"
47942544,5,Katja,Sniper_Rifle,Widow_Maker,GPNVG,Specter,Dice_of_Destiny,Galaxy_Steps,Chaos,Vampiric_Bloodline,Electric_Shift,3,2,2,1,"21,205","105,437"
47942544,6,Hisui,Two-handed_Sword,Monohoshizao,Welding_Helmet,Changpao,Plasma_Arc,White_Rhinos,Fortification,Vampiric_Bloodline,Blink,4,0,5,0,"2,660","20,851"
47942544,6,Piolo,Nunchaku,The_Smiting_Dragon,Imperial_Burgonet,Holy_Orders,Tindalos_Band,Steel_Knee_Pads,Chaos,Diamond_Shard,Blink,4,2,3,2,"11,863","31,406"
47942544,6,Emma,Arcana,The_Hierophant,Imperial_Burgonet,Elegant_Gown,Draupnir,Straitjacket_Sneakers,Chaos,Vampiric_Bloodline,Totem,4,2,2,1,"11,881","27,933"
47942544,7,Kenneth,Axe,Axe_of_Pangu,Tactical_Visor,Omertﾃ,Plasma_Arc,White_Rhinos,Havoc,Bitter_Retribution,Blink,8,1,2,3,"4,153","28,283"
47942544,7,Haze,Assault_Rifle,Valkyrie,Astronaut's_Helmet,Covert_Agent_Uniform,Eye_of_Horus,Tachyon_Brace,Support,Red_Sprite,Blink,8,5,2,3,"15,114","40,335"
47942544,7,Chloe,Shuriken,Flechette,Cowboy_Hat,Tuxedo,Cube_Watch,Gladiator,Chaos,Frailty_Infliction,Electric_Shift,8,2,3,4,"10,605","33,616"
47942544,8,,,,,,,,,,,,,,,,
47942544,8,,,,,,,,,,,,,,,,
47942544,8,,,,,,,,,,,,,,,,
47694879,1,Li_Dailin,Glove,Imperial_Silk_Gloves,Elysian_Halo,Specter,Auto-arms,Alexander,Chaos,Ironclad,Blink,21,4,0,8,"13,099","93,326"
47694879,1,Adela,Rapier,Nosferatu_-_Dawn,Sultan's_Turban,Holy_Orders,Dragon_Scale,Delta_Red,Chaos,Frailty_Infliction,Blink,21,7,2,10,"23,651","89,315"
47694879,1,Tia,Bat,Ghost_Hand,Persona,Bikini,Necronomicon,Straitjacket_Sneakers,Chaos,Vampiric_Bloodline,Blink,21,10,1,6,"22,894","72,494"
47694879,2,Tsubame,Shuriken,Petal_Torrent,Legatus,Beautiful_Garment,Dice_of_Destiny,Racing_Boots,Fortification,Adrenaline,Blink,6,2,2,3,"9,231","67,266"
47694879,2,Hyunwoo,Tonfa,Obsidian_Jitte,Sultan's_Turban,Holy_Orders,Dragon_Scale,Glacial_Shoes,Support,Ghost_Light,Blink,6,2,2,1,"4,532","26,006"
47694879,2,Istvan,Spear,Gentian_Silver_Gun,Crusader_Helmet,Omertﾃ,Plasma_Arc,Maverick_Runner,Fortification,Vampiric_Bloodline,Blink,6,2,2,3,"6,740","139,993"
47694879,3,Markus,Axe,Scarlet_Scythe,Tactical_Visor,Turnout_Coat,Smash_Totem,Wild_Walkers,Support,Bitter_Retribution,Force_Field,11,2,2,2,"4,199","32,505"
47694879,3,Debi_&_Marlene,Two-handed_Sword,Laevateinn,Eyeshield,Rocker's_Jacket,Helix,Mythril_Boots,Fortification,Sentinel,False_Oath,11,4,2,3,"14,001","76,610"
47694879,3,William,Throw,Grenade_of_Antioch,GPNVG,Shooting_Star_Jacket,Dice_of_Destiny,Racing_Boots,Fortification,Adrenaline,Electric_Shift,11,5,3,2,"13,721","101,722"
47694879,4,Charlotte,Arcana,The_Sun,Helm_of_Banneret,Elf_Dress,Nightingale,Hiking_Boots,Fortification,Healing_Factor,Healing_Wind,6,3,2,3,"4,195","11,261"
47694879,4,Magnus,Hammer,Hammer_of_Dagda,Mythril_Helm,Spectral_Jacket,Sword_Stopper,Tachyon_Brace,Chaos,Diamond_Shard,The_Strijder,6,2,1,4,"12,977","39,428"
47694879,4,Nadine,Bow,Golden-Ratio_Bow,Imperial_Burgonet,Cardinal_Robes,Tindalos_Band,Killer_Heels,Havoc,Red_Sprite,False_Oath,6,1,2,2,"4,241","38,913"
47694879,5,Zahir,Throw,Incendiary_Bomb,Sultan's_Turban,Cardinal_Robes,Dragon_Scale,Straitjacket_Sneakers,Chaos,Vampiric_Bloodline,Blink,3,2,2,0,"9,642","36,293"
47694879,5,Tia,Bat,Pakua_Chang,Imperial_Burgonet,Blood_Cloak,Corrupting_Touch,Straitjacket_Sneakers,Chaos,Vampiric_Bloodline,Blink,3,0,4,2,"5,472","34,125"
47694879,5,Abigail,Axe,Scythe,Imperial_Burgonet,Commander's_Armor,Emerald_Tablet,Delta_Red,Fortification,Siphon_Maelstrom,Blade_of_Truth,3,1,2,1,"4,832","46,124"
47694879,6,,,,,,,,,,,,,,,,
47694879,6,,,,,,,,,,,,,,,,
47694879,6,,,,,,,,,,,,,,,,
47694879,7,Istvan,Spear,Gentian_Silver_Gun,Diadem,Dragon_Dobok,Plasma_Arc,Maverick_Runner,Fortification,Vampiric_Bloodline,Blink,2,2,2,0,"3,888","28,077"
47694879,7,Bianca,Arcana,The_Moon,Imperial_Burgonet,Blood_Cloak,Nightingale,Tachyon_Brace,Chaos,Amplification_Drone,Blink,2,0,3,1,"4,005","16,949"
47694879,7,Abigail,Axe,Nephleon,Sultan's_Turban,Commander's_Armor,Corrupting_Touch,Delta_Red,Fortification,Siphon_Maelstrom,Blade_of_Truth,2,0,2,2,"7,037","22,329"
47694879,8,,,,,,,,,,,,,,,,
47694879,8,,,,,,,,,,,,,,,,
47694879,8,,,,,,,,,,,,,,,,
46909766,1,Piolo,Nunchaku,Hydra,Fencing_Mask,The_Revenant,Pharaoh's_Artifact,Glacial_Shoes,Support,Siphon_Maelstrom,Blade_of_Truth,16,5,1,6,"18,654","68,235"
46909766,1,Eleven,Hammer,Doomsday,Crusader_Helmet,Ghost_Bride's_Dress,Centipede's_Pauldron,Wild_Walkers,Fortification,Healing_Drone,Protocol_Violation,16,0,2,11,"7,982","44,446"
46909766,1,Yumin,Arcana,The_Moon,Sultan's_Turban,Blood_Cloak,Dragon_Scale,Red_Shoes,Havoc,Ghost_Light,Blink,16,11,2,3,"29,059","159,249"
46909766,2,Bernice,Sniper_Rifle,Intervention,Blaster_Helmet,Rocker's_Jacket,Radar,Bucephalus,Havoc,Heavy_Kneepads,Blink,15,3,5,7,"20,717","94,943"
46909766,2,Chiara,Rapier,Eye_of_Argos,Persona,Covert_Agent_Uniform,Tindalos_Monarch,Steel_Knee_Pads,Fortification,Healing_Factor,Totem,15,7,3,6,"18,595","59,241"
46909766,2,Yumin,Arcana,The_Star,Persona,Couturier,Tindalos_Band,Killer_Heels,Chaos,Vampiric_Bloodline,Blink,15,5,5,8,"28,895","133,591"
46909766,3,Xiukai,Dagger,Mount_Slicer,Crusader_Helmet,Guardian_Suit,Magic_Lamp,Wild_Walkers,Fortification,Healing_Drone,Soul_Stealer,13,1,2,12,"9,811","20,271"
46909766,3,Li_Dailin,Glove,Mark_of_the_Phoenix,Elysian_Halo,ﾃ・o_Dﾃi,Mythril_Armband,Racing_Boots,Havoc,Ironclad,Blink,13,5,2,7,"15,422","90,756"
46909766,3,Laura,Whip,Ouranos,Racing_Helmet,Queen_of_Hearts,Tellurian_Timepiece,Taproot,Chaos,Diamond_Shard,Blink,13,7,2,4,"25,245","107,525"
46909766,4,Bianca,Arcana,The_Moon,The_Dragon・・s_Fury,Bikini,Pharaoh's_Artifact,Legs_of_Steel,Chaos,Amplification_Drone,Blink,10,6,1,3,"16,031","105,235"
46909766,4,Isaac,Tonfa,Mantis_Tonfa,Crusader_Helmet,Guardian_Suit,Chain_of_Thorns,White_Rhinos,Chaos,Bitter_Retribution,Blink,10,2,1,7,"7,451","63,061"
46909766,4,Chloe,Shuriken,Sudarsana,The_Star_of_the_Wilds,Ghillie_Suit,Radar,Eldian_Boots,Chaos,Adrenaline,Blink,10,2,3,7,"16,949","70,854"
46909766,5,Theodore,Sniper_Rifle,Dead_Eye,Motorcycle_Helmet,Holy_Orders,Sports_Watch,Blade_Boots,Chaos,Vampiric_Bloodline,Blink,5,2,5,3,"15,729","87,404"
46909766,5,Mai,Whip,Thunder_Whip,Helm_of_Banneret,Blazing_Dress,Sword_Stopper,Steel_Knee_Pads,Fortification,Healing_Drone,Quake,5,1,4,3,"9,477","35,319"
46909766,5,Debi_&_Marlene,Two-handed_Sword,Laevateinn,Commander_Headset,Changpao,Helix,White_Rhinos,Fortification,Sentinel,False_Oath,5,2,4,3,"18,037","47,302"
46909766,6,Shoichi,Dagger,Highlander_Dirk,Persona,Commander's_Armor,Nightmare_Nails,Delta_Red,Fortification,Vampiric_Bloodline,False_Oath,6,2,5,2,"13,287","39,544"
46909766,6,Haze,Assault_Rifle,Valkyrie,Astronaut's_Helmet,Commander's_Armor,Tindalos_Band,Delta_Red,Havoc,Red_Sprite,Blink,6,1,4,4,"27,160","54,353"
46909766,6,Laura,Whip,Plasma_Whip,Persona,High_Priest_Robes,Sports_Watch,Delta_Red,Chaos,Diamond_Shard,Blink,6,3,5,2,"9,140","50,134"
46909766,7,Isol,Pistol,Altair,Persona,Blood_Cloak,Nightmare_Nails,Iron_Maiden,Havoc,Red_Sprite,Blink,6,2,2,3,"11,902","58,053"
46909766,7,Isaac,Tonfa,Frozen_Echo,Diadem,Rocker's_Jacket,Chain_of_Thorns,Feather_Boots,Havoc,Bitter_Retribution,Blink,6,3,2,2,"7,781","39,775"
46909766,7,Nicky,Glove,Divine_Fist,Vigilante,Ghost_Bride's_Dress,Schrﾃｶdinger's_Box,Tachyon_Brace,Fortification,Sentinel,Force_Field,6,1,2,4,"5,551","14,025"
46909766,8,,,,,,,,,,,,,,,,
46909766,8,,,,,,,,,,,,,,,,
46909766,8,,,,,,,,,,,,,,,,
46810866,1,Aya,Assault_Rifle,Endeavor_AX,The_Star_of_the_Wilds,Ghillie_Suit,Radar,Eldian_Boots,Fortification,Adrenaline,Blink,26,11,3,9,"42,045","77,394"
46810866,1,Cathy,Dagger,Scarlet_Dagger_-_Dawn,Cyberstalker,Kabana,Pharaoh's_Artifact,Rose_Steps,Fortification,Stellar_Charge,Totem,26,14,3,8,"25,350","58,912"
46810866,1,Alonso,Glove,Permafrost,Commander_Headset,Ghost_Bride's_Dress,Burning_Heart,Wild_Walkers,Fortification,Healing_Drone,Protocol_Violation,26,1,0,22,"25,823","23,890"
46810866,2,Xiukai,Dagger,Eclipse,Crusader_Helmet,Guardian_Suit,Solar_System_Miniature,Hiking_Boots,Fortification,Healing_Drone,Soul_Stealer,5,0,1,5,"7,858","69,391"
46810866,2,Sua,Hammer,Doomsday,Fencing_Mask,Bikini,Tindalos_Monarch,Glacial_Shoes,Fortification,Siphon_Maelstrom,Blink,5,4,2,1,"11,976","167,657"
46810866,2,Charlotte,Arcana,The_Sun,Crusader_Helmet,Elf_Dress,Claddagh_Ring,Boots_of_Hermes,Fortification,Healing_Factor,Healing_Wind,5,1,2,4,"5,561","45,655"
46810866,3,Vanya,Arcana,The_Empress,Fencing_Mask,Holy_Orders,Nightmare_Nails,Iron_Maiden,Fortification,Vampiric_Bloodline,Totem,10,3,2,6,"25,739","80,427"
46810866,3,Aya,Assault_Rifle,Endeavor_AX,The_Star_of_the_Wilds,Ghillie_Suit,Radar,Alexander,Support,Adrenaline,Electric_Shift,10,4,4,4,"19,507","75,763"
46810866,3,Garnet,Bat,Spy_Umbrella,Mythril_Helm,Ghost_Bride's_Dress,Burnished_Aegis,Boots_of_Hermes,Fortification,Healing_Drone,Quake,10,3,1,6,"16,230","44,357"
46810866,4,Isol,Pistol,Elegance,Persona,Blood_Cloak,Nightmare_Nails,Iron_Maiden,Havoc,Ghost_Light,Blink,5,1,4,1,"19,955","61,591"
46810866,4,Garnet,Bat,Spy_Umbrella,Viking_Helmet,Ghost_Bride's_Dress,Burnished_Aegis,Steel_Knee_Pads,Fortification,Healing_Drone,Quake,5,2,3,3,"12,012","48,849"
46810866,4,Rio,Bow,Twinbow,Legatus,Changpao,Vital_Sign_Sensor,Gladiator,Support,Adrenaline,Soul_Stealer,5,2,6,3,"11,552","24,657"
46810866,5,Hyunwoo,Glove,Mark_of_the_Phoenix,Tactical_Visor,Phantom_Jacket,Sultan_Adorned,Blade_Boots,Fortification,Adrenaline,Blink,7,2,2,4,"7,658","84,083"
46810866,5,Justyna,CrossBow,Phantom_Bolt,Sultan's_Turban,Holy_Orders,Corrupting_Touch,Legs_of_Steel,Havoc,Red_Sprite,Blink,7,3,1,3,"24,920","76,871"
46810866,5,Abigail,Axe,Nephleon,Sultan's_Turban,The_Revenant,Veritas_Lux_Mea,Delta_Red,Fortification,Siphon_Maelstrom,Blade_of_Truth,7,2,5,4,"11,015","32,550"
46810866,6,Justyna,CrossBow,Phantom_Bolt,Sultan's_Turban,Inquisitor,Draupnir,Iron_Maiden,Havoc,Red_Sprite,Blink,4,1,2,2,"13,901","58,855"
46810866,6,Haze,Assault_Rifle,Valkyrie,Persona,Blood_Cloak,Nightmare_Nails,Delta_Red,Havoc,Red_Sprite,Blink,4,0,5,4,"10,946","32,795"
46810866,6,Jackie,Axe,Axe_of_Pangu,Plasma_Helmet,Burgundy_47,Chain_of_Thorns,Feather_Boots,Havoc,Bitter_Retribution,Blink,4,3,2,1,"5,705","25,384"
46810866,7,Emma,Shuriken,Wind_and_Fire_Wheels,Persona,Blood_Cloak,Nightmare_Nails,Killer_Heels,Fortification,Stellar_Charge,Totem,9,3,2,2,"11,084","52,792"
46810866,7,Mai,Whip,Thunder_Whip,Helm_of_Banneret,Blazing_Dress,Sword_Stopper,Steel_Knee_Pads,Fortification,Healing_Drone,Quake,9,2,2,5,"8,889","21,740"
46810866,7,Yumin,Arcana,The_Moon,Sultan's_Turban,Blood_Cloak,Dragon_Scale,Delta_Red,Havoc,Ghost_Light,Blink,9,4,4,5,"15,474","51,840"
46810866,8,Lenox,Whip,Sword_of_Scales,Mohawk_Headgear,Crusader_Armor,Schrﾃｶdinger's_Box,Steel_Knee_Pads,Fortification,Healing_Drone,Soul_Stealer,5,2,2,1,"7,840","30,005"
46810866,8,Rozzi,Pistol,Electron_Blaster,Laurel_Wreath,Tuxedo,Radar,Racing_Boots,Chaos,Vampiric_Bloodline,Blink,5,3,2,2,"13,898","39,352"
46810866,8,Kenneth,Axe,Parashu,Tactical_Visor,Spectral_Jacket,Helix,White_Rhinos,Chaos,Diamond_Shard,Blink,5,0,4,3,"6,909","9,534"
46749219,1,Alex,Tonfa,Plasma_Tonfa,Crusader_Helmet,Ghost_Bride's_Dress,Centipede's_Pauldron,Wild_Walkers,Fortification,Sentinel,Quake,26,3,2,18,"21,228","39,500"
46749219,1,Celine,Throw,Imugi's_Pearl,Fencing_Mask,Holy_Orders,Bracelet_of_Skadi,Iron_Maiden,Havoc,Red_Sprite,Blink,26,10,1,13,"28,603","130,680"
46749219,1,Shoichi,Dagger,Scarlet_Dagger,Chinese_Opera_Mask,Couturier,Pharaoh's_Artifact,Killer_Heels,Fortification,Vampiric_Bloodline,False_Oath,26,13,1,8,"37,931","51,158"
46749219,2,Alex,Tonfa,Plasma_Tonfa,Smart_Glasses,Tactical_Armor,Smart_Band,Blade_Boots,Fortification,Sentinel,Blink,10,3,3,3,"11,703","43,593"
46749219,2,Tsubame,Shuriken,Sudarsana,Legatus,Wisdom_Robes,Chain_of_Thorns,Racing_Boots,Fortification,Accelerator,Blink,10,4,4,5,"19,234","144,520"
46749219,2,Johann,Arcana,The_Hermit,Persona,Blood_Cloak,Nova_Shield,Straitjacket_Sneakers,Havoc,Red_Sprite,The_Strijder,10,3,5,3,"15,324","54,654"
46749219,3,Tsubame,Shuriken,Petal_Torrent,Legatus,Beautiful_Garment,Dice_of_Destiny,Racing_Boots,Fortification,Adrenaline,Blink,3,1,4,2,"8,358","97,451"
46749219,3,Hisui,Two-handed_Sword,Aurora_Longsword,Blaster_Helmet,Tactical_Armor,Mythril_Quiver,Blade_Boots,Fortification,Vampiric_Bloodline,Totem,3,1,6,2,"12,669","98,669"
46749219,3,Jackie,Two-handed_Sword,Aurora_Longsword,The_Star_of_the_Wilds,Phantom_Jacket,Sultan_Adorned,Mythril_Boots,Fortification,Adrenaline,Blink,3,1,5,0,"7,342","61,135"
46749219,4,Laura,Whip,Bloody_Nine_Tails,Cyberstalker,Kabana,Pharaoh's_Artifact,Killer_Heels,Chaos,Amplification_Drone,Blink,13,6,3,5,"13,654","28,981"
46749219,4,Aya,Assault_Rifle,Endeavor_AX,Legatus,Beautiful_Garment,Radar,Eldian_Boots,Support,Adrenaline,Electric_Shift,13,5,2,6,"24,332","95,108"
46749219,4,Sua,Bat,Magic_Stick,Persona,Couturier,Tindalos_Monarch,Delta_Red,Fortification,Siphon_Maelstrom,Blink,13,2,3,7,"11,500","76,566"
46749219,5,Piolo,Nunchaku,Crimson_Red_Lovers,Persona,High_Priest_Robes,Draupnir,Straitjacket_Sneakers,Chaos,Diamond_Shard,Blink,1,1,6,0,"11,834","66,428"
46749219,5,Abigail,Axe,Scythe,Sultan's_Turban,The_Revenant,Corrupting_Touch,Delta_Red,Fortification,Siphon_Maelstrom,Blade_of_Truth,1,0,6,1,"13,020","84,609"
46749219,5,Debi_&_Marlene,Two-handed_Sword,Aurora_Longsword,Commander_Headset,Phantom_Jacket,Laced_Quiver,Cowboy_Boots,Fortification,Sentinel,Force_Field,1,0,3,0,"7,046","41,913"
46749219,6,Garnet,Bat,Spy_Umbrella,Mythril_Helm,Ghost_Bride's_Dress,Burning_Heart,Steel_Knee_Pads,Fortification,Healing_Drone,Quake,8,2,1,4,"5,688","13,886"
46749219,6,Laura,Whip,Plasma_Whip,Sultan's_Turban,Holy_Orders,Tellurian_Timepiece,Tachyon_Brace,Havoc,Diamond_Shard,Blink,8,3,1,4,"10,895","48,309"
46749219,6,Chloe,Shuriken,Sudarsana,Blaster_Helmet,Specter,Dice_of_Destiny,Racing_Boots,Support,Frailty_Infliction,Blink,8,3,1,5,"10,761","55,752"
46749219,7,Lenore,Guitar,Heaven's_Door,Imperial_Crown,Blood_Cloak,Tindalos_Band,Straitjacket_Sneakers,Havoc,Red_Sprite,Blink,10,2,1,8,"19,059","25,445"
46749219,7,Yuki,Two-handed_Sword,Arondight,Welding_Helmet,Turnout_Coat,Shield_of_Kings,Mirage_Lace-Ups,Chaos,Diamond_Shard,Quake,10,2,2,5,"7,291","5,750"
46749219,7,Sua,Hammer,Fang_Mace,Fencing_Mask,Commander's_Armor,Tindalos_Band,Tachyon_Brace,Fortification,Siphon_Maelstrom,Blink,10,6,3,4,"10,570","18,622"
46749219,8,,,,,,,,,,,,,,,,
46749219,8,,,,,,,,,,,,,,,,
46749219,8,,,,,,,,,,,,,,,,
47943226,1,Hyunwoo,Tonfa,Obsidian_Jitte,Imperial_Crown,Holy_Orders,Dragon_Scale,Straitjacket_Sneakers,Support,Ghost_Light,Blade_of_Truth,23,1,4,10,"24,521","62,911"
47943226,1,Hisui,Two-handed_Sword,Monohoshizao,Blaster_Helmet,ﾃ・o_Dﾃi,Auto-arms,Blade_Boots,Fortification,Vampiric_Bloodline,Totem,23,15,4,7,"57,872","92,049"
47943226,1,Echion,VF_Prosthetics,Alpha_Sidewinder_ML,Dwarf's_Helmet,Guardian_Suit,Psyche's_Blade,Wild_Walkers,Fortification,Healing_Drone,Blink,23,6,4,10,"27,611","66,026"
47943226,2,Hisui,Two-handed_Sword,Aurora_Longsword,Elysian_Halo,ﾃ・o_Dﾃi,Auto-arms,Blade_Boots,Fortification,Vampiric_Bloodline,False_Oath,11,8,3,2,"31,295","134,099"
47943226,2,Debi_&_Marlene,Two-handed_Sword,Laevateinn,Twilight,Phantom_Jacket,Cube_Watch,Mythril_Boots,Fortification,Adrenaline,Blade_of_Truth,11,2,3,6,"20,713","69,883"
47943226,2,Leon,Glove,Permafrost,Racing_Helmet,Holy_Orders,Tellurian_Timepiece,Taproot,Chaos,Accelerator,Blade_of_Truth,11,1,5,6,"13,589","87,733"
47943226,3,Daniel,Dagger,Fragarach,Twilight,Tactical_Armor,Chain_of_Thorns,Iron_Maiden,Fortification,Siphon_Maelstrom,The_Strijder,3,0,3,3,"11,106","77,308"
47943226,3,Aya,Pistol,Altair,Persona,Bikini,Bracelet_of_Skadi,Delta_Red,Havoc,Red_Sprite,Blink,3,1,1,0,"9,386","114,214"
47943226,3,Xiukai,Dagger,Eclipse,Commander_Headset,Blazing_Dress,Nightingale,Hiking_Boots,Fortification,Healing_Factor,Soul_Stealer,3,2,2,1,"8,450","52,806"
47943226,4,Isol,Pistol,Altair,Persona,Blood_Cloak,Nightmare_Nails,Iron_Maiden,Havoc,Red_Sprite,The_Strijder,13,5,1,6,"33,383","128,409"
47943226,4,Cathy,Dual_Swords,Thanatos,Cyberstalker,The_Revenant,Tindalos_Monarch,Red_Shoes,Chaos,Ironclad,Blink,13,3,5,7,"11,061","43,004"
47943226,4,Aya,Assault_Rifle,Endeavor_AX,Cowboy_Hat,Burgundy_47,Radar,Galaxy_Steps,Fortification,Adrenaline,Electric_Shift,13,5,2,8,"22,839","67,708"
47943226,5,Charlotte,Arcana,The_Sun,Imperial_Burgonet,Elf_Dress,Claddagh_Ring,Wild_Walkers,Fortification,Healing_Factor,Healing_Wind,16,1,2,14,"6,041","11,587"
47943226,5,Fiora,Spear,Star_Hunter,Sultan's_Turban,Holy_Orders,Dragon_Scale,Iron_Maiden,Chaos,Amplification_Drone,Blink,16,7,3,5,"15,341","59,967"
47943226,5,Kenneth,Axe,Axe_of_Pangu,Tactical_Visor,Omertﾃ,Moonlight_Pendant,Blade_Boots,Havoc,Diamond_Shard,Blink,16,8,2,8,"30,918","49,569"
47943226,6,Tsubame,Shuriken,Petal_Torrent,Cowboy_Hat,Butler's_Suit,Dice_of_Destiny,Racing_Boots,Fortification,Adrenaline,Blink,4,0,5,2,"6,010","38,593"
47943226,6,Luke,Bat,Mallet,Tactical_OPS_Helmet,Phantom_Jacket,Moonlight_Pendant,Tachyon_Brace,Support,Bitter_Retribution,False_Oath,4,3,5,1,"9,343","36,285"
47943226,6,Debi_&_Marlene,Two-handed_Sword,Laevateinn,Tactical_OPS_Helmet,Blazing_Dress,Sultan_Adorned,Wild_Walkers,Fortification,Sentinel,False_Oath,4,1,2,1,"8,401","37,510"
47943226,7,Lenox,Whip,Thunder_Whip,Helm_of_Banneret,Sunset_Armor,Sword_Stopper,EOD_Boots,Support,Heavy_Kneepads,Blink,6,0,3,5,"8,057","10,314"
47943226,7,Zahir,Throw,Astrapﾄ・,Imperial_Crown,Couturier,Corrupting_Touch,Straitjacket_Sneakers,Chaos,Vampiric_Bloodline,Blink,6,4,4,1,"8,034","21,118"
47943226,7,Li_Dailin,Nunchaku,Blue_3,Virtuous_Outlaw,Optical_Camouflage_Suit,Cube_Watch,Alexander,Support,Bitter_Retribution,Blink,6,2,2,3,"10,249","49,508"
47943226,8,,,,,,,,,,,,,,,,
47943226,8,,,,,,,,,,,,,,,,
47943226,8,,,,,,,,,,,,,,,,
47943226,1,Hyunwoo,Tonfa,Obsidian_Jitte,Imperial_Crown,Holy_Orders,Dragon_Scale,Straitjacket_Sneakers,Support,Ghost_Light,Blade_of_Truth,23,1,4,10,"24,521","62,911"
47943226,1,Hisui,Two-handed_Sword,Monohoshizao,Blaster_Helmet,ﾃ・o_Dﾃi,Auto-arms,Blade_Boots,Fortification,Vampiric_Bloodline,Totem,23,15,4,7,"57,872","92,049"
47943226,1,Echion,VF_Prosthetics,Alpha_Sidewinder_ML,Dwarf's_Helmet,Guardian_Suit,Psyche's_Blade,Wild_Walkers,Fortification,Healing_Drone,Blink,23,6,4,10,"27,611","66,026"
47943226,2,Hisui,Two-handed_Sword,Aurora_Longsword,Elysian_Halo,ﾃ・o_Dﾃi,Auto-arms,Blade_Boots,Fortification,Vampiric_Bloodline,False_Oath,11,8,3,2,"31,295","134,099"
47943226,2,Debi_&_Marlene,Two-handed_Sword,Laevateinn,Twilight,Phantom_Jacket,Cube_Watch,Mythril_Boots,Fortification,Adrenaline,Blade_of_Truth,11,2,3,6,"20,713","69,883"
47943226,2,Leon,Glove,Permafrost,Racing_Helmet,Holy_Orders,Tellurian_Timepiece,Taproot,Chaos,Accelerator,Blade_of_Truth,11,1,5,6,"13,589","87,733"
47943226,3,Daniel,Dagger,Fragarach,Twilight,Tactical_Armor,Chain_of_Thorns,Iron_Maiden,Fortification,Siphon_Maelstrom,The_Strijder,3,0,3,3,"11,106","77,308"
47943226,3,Aya,Pistol,Altair,Persona,Bikini,Bracelet_of_Skadi,Delta_Red,Havoc,Red_Sprite,Blink,3,1,1,0,"9,386","114,214"
47943226,3,Xiukai,Dagger,Eclipse,Commander_Headset,Blazing_Dress,Nightingale,Hiking_Boots,Fortification,Healing_Factor,Soul_Stealer,3,2,2,1,"8,450","52,806"
47943226,4,Isol,Pistol,Altair,Persona,Blood_Cloak,Nightmare_Nails,Iron_Maiden,Havoc,Red_Sprite,The_Strijder,13,5,1,6,"33,383","128,409"
47943226,4,Cathy,Dual_Swords,Thanatos,Cyberstalker,The_Revenant,Tindalos_Monarch,Red_Shoes,Chaos,Ironclad,Blink,13,3,5,7,"11,061","43,004"
47943226,4,Aya,Assault_Rifle,Endeavor_AX,Cowboy_Hat,Burgundy_47,Radar,Galaxy_Steps,Fortification,Adrenaline,Electric_Shift,13,5,2,8,"22,839","67,708"
47943226,5,Charlotte,Arcana,The_Sun,Imperial_Burgonet,Elf_Dress,Claddagh_Ring,Wild_Walkers,Fortification,Healing_Factor,Healing_Wind,16,1,2,14,"6,041","11,587"
47943226,5,Fiora,Spear,Star_Hunter,Sultan's_Turban,Holy_Orders,Dragon_Scale,Iron_Maiden,Chaos,Amplification_Drone,Blink,16,7,3,5,"15,341","59,967"
47943226,5,Kenneth,Axe,Axe_of_Pangu,Tactical_Visor,Omertﾃ,Moonlight_Pendant,Blade_Boots,Havoc,Diamond_Shard,Blink,16,8,2,8,"30,918","49,569"
47943226,6,Tsubame,Shuriken,Petal_Torrent,Cowboy_Hat,Butler's_Suit,Dice_of_Destiny,Racing_Boots,Fortification,Adrenaline,Blink,4,0,5,2,"6,010","38,593"
47943226,6,Luke,Bat,Mallet,Tactical_OPS_Helmet,Phantom_Jacket,Moonlight_Pendant,Tachyon_Brace,Support,Bitter_Retribution,False_Oath,4,3,5,1,"9,343","36,285"
47943226,6,Debi_&_Marlene,Two-handed_Sword,Laevateinn,Tactical_OPS_Helmet,Blazing_Dress,Sultan_Adorned,Wild_Walkers,Fortification,Sentinel,False_Oath,4,1,2,1,"8,401","37,510"
47943226,7,Lenox,Whip,Thunder_Whip,Helm_of_Banneret,Sunset_Armor,Sword_Stopper,EOD_Boots,Support,Heavy_Kneepads,Blink,6,0,3,5,"8,057","10,314"
47943226,7,Zahir,Throw,Astrapﾄ・,Imperial_Crown,Couturier,Corrupting_Touch,Straitjacket_Sneakers,Chaos,Vampiric_Bloodline,Blink,6,4,4,1,"8,034","21,118"
47943226,7,Li_Dailin,Nunchaku,Blue_3,Virtuous_Outlaw,Optical_Camouflage_Suit,Cube_Watch,Alexander,Support,Bitter_Retribution,Blink,6,2,2,3,"10,249","49,508"
47943226,8,Leon,Glove,Permafrost,Racing_Helmet,Holy_Orders,Tellurian_Timepiece,Glacial_Shoes,Chaos,Healing_Factor,Blade_of_Truth,22,8,1,8,"18,710","83,512"
47943226,8,Darko,Bat,Monkey_King_Bar,Viking_Helmet,Racing_Suit,Creed_of_the_Knight,Boots_of_Hermes,Fortification,Stellar_Charge,Blink,22,5,2,8,"14,913","46,122"
47943226,8,Vanya,Arcana,The_Empress,Astronaut's_Helmet,Holy_Orders,Tindalos_Monarch,Red_Shoes,Fortification,Vampiric_Bloodline,Totem,22,7,1,11,"39,523","80,864"
47942761,1,Leon,Glove,Permafrost,Racing_Helmet,Holy_Orders,Tellurian_Timepiece,Glacial_Shoes,Chaos,Healing_Factor,Blade_of_Truth,22,8,1,8,"18,710","83,512"
47942761,1,Darko,Bat,Monkey_King_Bar,Viking_Helmet,Racing_Suit,Creed_of_the_Knight,Boots_of_Hermes,Fortification,Stellar_Charge,Blink,22,5,2,8,"14,913","46,122"
47942761,1,Vanya,Arcana,The_Empress,Astronaut's_Helmet,Holy_Orders,Tindalos_Monarch,Red_Shoes,Fortification,Vampiric_Bloodline,Totem,22,7,1,11,"39,523","80,864"
47942761,2,Hisui,Two-handed_Sword,Monohoshizao,Blue_Flames,ﾃ・o_Dﾃi,Auto-arms,Blade_Boots,Fortification,Vampiric_Bloodline,Totem,12,4,5,5,"43,059","80,798"
47942761,2,Charlotte,Arcana,Temperance,Crusader_Helmet,Elf_Dress,Claddagh_Ring,Delta_Red,Fortification,Healing_Factor,Healing_Wind,12,1,3,10,"8,218","16,839"
47942761,2,Echion,VF_Prosthetics,Alpha_Sidewinder_ML,Dwarf's_Helmet,Guardian_Suit,Psyche's_Blade,Iron_Maiden,Fortification,Healing_Drone,Blink,12,7,2,3,"27,340","93,174"
47942761,3,Istvan,Spear,Dragon_Guandao,Welding_Helmet,Omertﾃ,Helix,Blade_Boots,Fortification,Vampiric_Bloodline,Blink,8,4,2,4,"16,072","112,914"
47942761,3,Magnus,Hammer,Hammer_of_Dagda,Helm_of_Banneret,Battle_Suit,Burning_Heart,Steel_Knee_Pads,Support,Diamond_Shard,The_Strijder,8,2,6,3,"8,404","21,097"
47942761,3,Hyunwoo,Glove,Mark_of_the_Phoenix,Tactical_OPS_Helmet,Battle_Suit,Mythril_Shield,Feather_Boots,Support,Bitter_Retribution,Blink,8,2,3,3,"10,154","35,349"
47942761,4,Isol,Pistol,Altair,Persona,Commander's_Armor,Corrupting_Touch,Iron_Maiden,Havoc,Red_Sprite,The_Strijder,3,1,5,1,"26,471","97,921"
47942761,4,Garnet,Bat,Spy_Umbrella,Bunny_Hat,Ghost_Bride's_Dress,Necronomicon,Steel_Knee_Pads,Fortification,Healing_Drone,Quake,3,1,5,1,"13,499","72,048"
47942761,4,Aya,Pistol,Altair,Persona,Kabana,Bracelet_of_Skadi,Glacial_Shoes,Havoc,Red_Sprite,Blink,3,1,6,2,"12,260","64,778"
47942761,5,Tazia,Shuriken,Black_Lotus_Shuriken,Persona,Couturier,Nightmare_Nails,Killer_Heels,Fortification,Vampiric_Bloodline,Totem,10,4,2,3,"20,681","89,732"
47942761,5,Xiukai,Dagger,Eclipse,Commander_Headset,Blazing_Dress,Magic_Lamp,Wild_Walkers,Fortification,Healing_Factor,Soul_Stealer,10,2,2,6,"7,272","15,721"
47942761,5,Li_Dailin,Nunchaku,Hydra_-_Crimson,Fallen_Pegasus,Omertﾃ,Cube_Watch,Alexander,Support,Bitter_Retribution,Blink,10,4,1,4,"12,771","122,961"
47942761,6,Leon,Tonfa,Mai_Sok,Imperial_Crown,Elf_Dress,Veritas_Lux_Mea,Tachyon_Brace,Chaos,Sentinel,Soul_Stealer,7,4,2,0,"8,810","38,329"
47942761,6,Nathapon,Camera,Ultraviolet,Cyberstalker,Cardinal_Robes,Pharaoh's_Artifact,Glacial_Shoes,Chaos,Heavy_Kneepads,Blink,7,2,4,5,"16,804","79,898"
47942761,6,Celine,Throw,Ruthenium_Marble,Persona,High_Priest_Robes,Bracelet_of_Skadi,Legs_of_Steel,Havoc,Red_Sprite,Blink,7,1,3,5,"17,058","27,792"
47942761,7,Arda,Arcana,The_Moon,Persona,Blood_Cloak,Tindalos_Monarch,Straitjacket_Sneakers,Havoc,Red_Sprite,Blink,6,1,3,4,"12,137","61,842"
47942761,7,Daniel,Dagger,Maharaja,Laurel_Wreath,Tactical_Armor,Sheath_of_Shah_Jahan,Cowboy_Boots,Fortification,Siphon_Maelstrom,The_Strijder,6,3,1,1,"7,026","32,163"
47942761,7,Kenneth,Axe,Axe_of_Pangu,Tactical_Visor,Dragon_Dobok,Moonlight_Pendant,White_Rhinos,Havoc,Diamond_Shard,Blink,6,2,1,3,"13,839","45,210"
47942761,8,Markus,Axe,Axe_of_Pangu,Tactical_Visor,Guardian_Suit,Smash_Totem,Cowboy_Boots,Support,Bitter_Retribution,Force_Field,5,1,5,1,"13,450","48,973"
47942761,8,Shoichi,Dagger,Mount_Slicer,Sultan's_Turban,Couturier,Pharaoh's_Artifact,Straitjacket_Sneakers,Fortification,Vampiric_Bloodline,False_Oath,5,4,4,1,"11,877","46,940"
47942761,8,Bianca,Arcana,The_Hierophant,The_Dragon・・s_Fury,Blood_Cloak,Draupnir,Straitjacket_Sneakers,Chaos,Amplification_Drone,Blink,5,0,2,5,"15,494","64,048"
